ProdMaterialCode,MaterialCode,MaterialName,Unit,Workshop
TA0001,1205000006,L/F  WELDING  ( SKID ),PC,GPS
TA0002,1201702030,2705 GPSP2 8MM X 2000M,G,GPS
TA0003,1201520009,ABRASIVE MM-P220,KG,PSLA
TA0004,1201520009,ABRASIVE MM-P220,KG,PSLB
TA0005,1201520006,ABRASIVE MM-P80,KG,FPSA
TA0006,1201520006,ABRASIVE MM-P80,KG,FPSB
TA0007,1201220006,ACETIC ACID GLACIAL,LITER,ANODIZE
TA0008,120810001,ACRYBASE - IB30(D),LITER,PRESSING
TA0009,1405100001,ACTREL 1178 F,LITER,STAMPING
TA0010,1401600008,AFLEX 75N 126NT    ( MIRROR ),METER,GPS
TA0011,1207100002,ALUMINUM SPOOL  ( ST ),KG,STAMPING
TA0012,1201221015,AMMONIUM ADIPATE (AA),KG,POLYMER
TA0013,1000000010,BUFFER SOLUTION KCI3,ML,POLYMER
TA0014,1000000011,BUFFER SOLUTION PH 2.00,ML,POLYMER
TA0015,1000000007,BUFFER SOLUTION PH 4.01,ML,POLYMER
TA0016,1201300004,BUTYL ACETATE,LITER,POLYMER
TA0017,1201301005,BUTYL CARBITOL,LITER,POLYMER
TA0018,1201400001,BUTYL GLYCIDIL ETHER,G,PSLB
TA0019,1401990064,CARBON FACE MASK 4PLY,PC,PSLB
TA0020,1201221021,CHEMICAL CW,KG,POLYMER
TA0021,1201301006,CHEMICAL GRP.T-30PLB-UL(BL),LITER,POLYMER
TA0022,1201301004,CHEMICAL GRP.TC-8265,KG,POLYMER
TA0023,1201221001,CHEMICAL NR,KG,POLYMER
TA0024,1201221009,CHEMICAL RH,KG,POLYMER
TA0025,1201221004,CHEMICAL TR,KG,POLYMER
TA0026,1000000002,CINDOL 4612T,LITER,STAMPING
TA0027,1201221028,CKV5-D,KG,POLYMER
TA0028,1201221019,CLEVIOS  KV2-HV,KG,POLYMER
TA0029,1201221018,CLEVIOS K  NANO IL,KG,POLYMER
TA0030,1201221023,CLEVIOS K NANO IL-62  ,KG,POLYMER
TA0031,1201221020,CLEVIOS K PRIMER W8,KG,POLYMER
TA0032,1201221031,CLEVIOS K PRIMER XT,KG,POLYMER
TA0033,1201221030,CLEVIOS KPLUS2,KG,POLYMER
TA0034,1201221002,CLEVIOS MV2,LITER,POLYMER
TA0035,1201500038,COMPOUND CV - 4160GC6 (13X4.1G),KG,PSLA
TA0036,1201500038,COMPOUND CV - 4160GC6 (13X4.1G),KG,PSLB
TA0037,1201500045,COMPOUND CV-4160GC6(13X3.5G),KG,FPSB
TA0038,1201500045,COMPOUND CV-4160GC6(13X3.5G),KG,PSLB
TA0039,1201500049,COMPOUND CV-4160GC6(13X5.0G),KG,FPSB
TA0040,1201500046,COMPOUND CV-4160TN(13X3.5G),KG,FPSA
TA0041,1201500046,COMPOUND CV-4160TN(13X3.5G),KG,PSLA
TA0042,1201500022,COMPOUND CV-9700 AH(13X4.0G),KG,FPSA
TA0043,1201500036,COMPOUND CV9800,KG,PSLA
TA0044,1201500036,COMPOUND CV9800,KG,PSLB
TA0045,1201500002,COMPOUND EMEC-6,KG,PSLA
TA0046,1201500002,COMPOUND EMEC-6,KG,PSLB
TA0047,1201500033,COMPOUND NIKALET ECR,KG,FPSA
TA0048,1401990006,COTTON  CLOTHES (35CM.X45CM.),PC,POLYMER
TA0049,1401990011,COTTON  CLOTHES(13CM.X22CM.),PC,PSLA
TA0050,1401990011,COTTON  CLOTHES(13CM.X22CM.),PC,PSLB
TA0051,1201703006,COVER TAPE  SPTA-55-480,METER,FPSA
TA0052,1201703006,COVER TAPE  SPTA-55-480,METER,PSLA
TA0053,1201703006,COVER TAPE  SPTA-55-480,METER,PSLB
TA0054,1201703004,COVER TAPE A-5.3,METER,GPS
TA0055,1201702034,C-TAPE TP-A08-PS(H)  (A08),METER,FPSA
TA0056,1201702001,C-TAPE TP-A-PS(H)  ,METER,PSLA
TA0057,1201704004,C-TAPE TP-B15-PS(H),METER,PSLB
TA0058,1201702032,C-TAPE TP-NR-V2-PS(H) (A3),METER,FPSA
TA0059,1201702033,C-TAPE TP-NU-PS (H) (A2),METER,FPSA
TA0060,1201702018,C-TAPE TP-NW-PS(H),METER,FPSB
TA0061,1201702018,C-TAPE TP-NW-PS(H),METER,PSLB
TA0062,1201702035,C-TAPE TP-S-PC(H)( PRODUCT  KT),METER,PSLB
TA0063,1201702005,C-TAPE TP-S-PS (H) B2,METER,PSLB
TA0064,1201500039,DAIFREE MS-175,KG,FPSA
TA0065,1201500039,DAIFREE MS-175,KG,PSLB
TA0066,1201300008,DAWANOL  PMA,KG,POLYMER
TA0067,Diamond  Sheet (50-55mm),DIAMOND  SHEET (50-55MM),PC,FPSA
TA0068,1401990101,DICING BLADE 220JS(75MM),PC,GPS
TA0069,1401990099,DIEMOND WHEEL TYPE  (NEW),PC,FPSA
TA0070,1401990099,DIEMOND WHEEL TYPE  (NEW),PC,FPSB
TA0071,1401990102,DIEMOND WHEEL TYPE REGUIDE  (N1),PC,FPSA
TA0072,1401990102,DIEMOND WHEEL TYPE REGUIDE  (N1),PC,FPSB
TA0073,1401990103,DIEMOND WHEEL TYPE REGUIDE  (N2),PC,FPSA
TA0074,1401990103,DIEMOND WHEEL TYPE REGUIDE  (N2),PC,FPSB
TA0075,1201400008,ECO SOLDER PASTE,G,GPS
TA0076,1201221029,ECON-CL01,KG,POLYMER
TA0077,1201220009,ETHANOL ABSOLUTE,LITER,GPS
TA0078,1201220009,ETHANOL ABSOLUTE,LITER,POLYMER
TA0079,1401400011,ETHYL ALCOHOL 95%,KG,FPSA
TA0080,1401400011,ETHYL ALCOHOL 95%,KG,POLYMER
TA0081,1401400011,ETHYL ALCOHOL 95%,KG,PSLB
TA0082,1201221024,ETHYLENE GLYCOL,LITER,POLYMER
TA0083,1401990007,FINGER STALL ( M ),PC,PSLB
TA0084,1401990005,FINGER STALL ( S ),PC,PSLB
TA0085,1201500037,FLUID EXPOXY RESIN CV5788FS,G,GPS
TA0086,1206001002,G/PS SUBSTRATE  TYPE-6 ( PCB ),PC,GPS
TA0087,1206001003,G/PS SUBSTRATE DOOSAN ( PCB ),PC,GPS
TA0088,GLASS WOOL 225Tx250x370,GLASS WOOL 225TX250X370,PC,GPS
TA0089,1401560005,GLASS WOOL(KARAKURI),PC,PSLA
TA0090,1401560005,GLASS WOOL(KARAKURI),PC,PSLB
TA0091,1206001001,GSV SUBSTRAT TYPE-4 HITACHI ( PCB ),PC,GPS
TA0092,1401220013,HYDROGEN,G,ANODIZE
TA0093,1401902034,INNER BOX NAG 13/17,PC,GPS
TA0094,1401902036,INNER BOX NAG 2/3,PC,PSLB
TA0095,1401902030,INNER BOX NAG 3/5,PC,PSLB
TA0096,1401902031,INNER BOX NAG 5/7,PC,GPS
TA0097,1401902031,INNER BOX NAG 5/7,PC,PSLA
TA0098,1401902031,INNER BOX NAG 5/7,PC,PSLB
TA0099,1401902032,INNER BOX NAG 8/10,PC,PSLA
TA0100,1401902033,INNER BOX NAG 9/13,PC,GPS
TA0101,1201400006,INSULATING RESIN ( DBN519S),G,FPSA
TA0102,1201400010,ION TRAP- IXE-700F,G,GPS
TA0103,1401990096,JK WIPER 150S,PC,GPS
TA0104,1201201002,KBM 403,LITER,ANODIZE
TA0105,1401990098,MASK -3M,PC,POLYMER
TA0106,1201201001,METHANOL 99.8,LITER,ANODIZE
TA0107,1201500041,METHYL ISOBUTYL KETONE,LITER,PSLB
TA0108,1201500042,MOLDING LINER NE83G,PC,FPSB
TA0109,1405100009,MR-200,KG,PRESSING
TA0110,1401400028,NEEDLE MN-19G-13 (I),PC,PSLB
TA0111,1401400024,NEEDLE MN-22G-13(I),PC,PSLB
TA0112,1401400009,NEEDLE MN-25G-13 (I),PC,GPS
TA0113,1401400009,NEEDLE MN-25G-13 (I),PC,PSLA
TA0114,1401400017,NEEDLE MN-27G (I) FOR  WELDING,PC,FPSA
TA0115,1401400007,NEEDLE NM-22G-13*(2HD),PC,PSLB
TA0116,1401990095,NON-WOVEN  ROLL TS507,PC,GPS
TA0117,1201400009,OHM COAT ,G,GPS
TA0118,1201220010,OLFINE,LITER,POLYMER
TA0119,1401990015,PALM FIT GLOVE (L),PC,POLYMER
TA0120,1401990015,PALM FIT GLOVE (L),PC,PSLB
TA0121,1401990016,PALM FIT GLOVE (M),PC,POLYMER
TA0122,1401990016,PALM FIT GLOVE (M),PC,PSLB
TA0123,1401990017,PALM FIT GLOVE (S),PC,POLYMER
TA0124,1401990017,PALM FIT GLOVE (S),PC,PSLB
TA0125,1201200005,PHOSPHORIC  ACID (LS),LITER,ANODIZE
TA0126,1201200005,PHOSPHORIC  ACID (LS),LITER,POLYMER
TA0127,1401990003,PIECE OF CLOTHES,KG,POLYMER
TA0128,1401990003,PIECE OF CLOTHES,KG,PSLB
TA0129,1201701006,PLA-REEL EIAJRRM08B-I,PC,PSLA
TA0130,1201701006,PLA-REEL EIAJRRM08B-I,PC,PSLB
TA0131,1201221026,POLYGLYCERIN # 500 (PG),KG,POLYMER
TA0132,1401400022,"POLYIMIDE TAPE CRYSTAL GUEST (A08,A2 AIR TAG)",PC,FPSA
TA0133,1401400022,POLYIMIDE TAPE ST-533L8 (A3),PC,FPSA
TA0134,1201221010,PTS-100,KG,POLYMER
TA0135,2405001022,PULSE ECU-B15-NT L/F,PC,PSLB
TA0136,2405001024,PULSE ECU-B2-NT L/F,PC,PSLB
TA0137,2405001023,PULSE ECU-B3-NT L/F,PC,PSLB
TA0138,1205001019,PULSE FPS- B10 L/F (PD) WAIT FOR CUTTING ,PC,FPSB
TA0139,2405001031,PULSE FPS- B10 L/F (PD) WAIT FOR WELDING ,PC,FPSB
TA0140,1205001018,PULSE FPS- B10 L/F WAIT FOR CUTTING 0.59 MM.,PC,FPSB
TA0141,2405001030,PULSE FPS- B10 L/F WAIT FOR WELDING 0.59 MM.,PC,FPSB
TA0142,1205001021,PULSE FPS- B2 L/F WAIT FOR CUTTING,PC,FPSB
TA0143,2405001034,PULSE FPS- B2 L/F WAIT FOR WELDING,PC,FPSB
TA0144,1205001020,PULSE FPS- B3 L/F (PD)C194/PD/070/FB WAIT FOR CUTTING ,PC,FPSB
TA0145,2405001033,PULSE FPS- B3 L/F (PD)C194/PD/070/FB WAIT FOR WELDING ,PC,FPSB
TA0146,1205000007,PULSE FPS- B3 L/F WAIT FOR CUTTING 0.70 MM.,PC,FPSB
TA0147,2405001026,PULSE FPS- B3 L/F WAIT FOR WELDING 0.70 MM.,PC,FPSB
TA0148,1205001016,PULSE FPS-A08 L/F  WAIT FOR CUTTING,PC,FPSA
TA0149,2405001028,PULSE FPS-A08 L/F  WAIT FOR WELDING,PC,FPSA
TA0150,1205001015,PULSE FPS-A2 L/F  WAIT FOR CUTTING,PC,FPSA
TA0151,2405001027,PULSE FPS-A2 L/F  WAIT FOR WELDING,PC,FPSA
TA0152,1205001017,PULSE FPS-A3 AIR TAG L/F   WAIT FOR CUTTING,PC,FPSA
TA0153,2405001032,PULSE FPS-A3 AIR TAG L/F   WAIT FOR WELDING,PC,FPSA
TA0154,1205000004,PULSE FPS-A3 L/F   WAIT FOR CUTTING,PC,FPSA
TA0155,2405000028,PULSE FPS-A3 L/F   WAIT FOR WELDING,PC,FPSA
TA0156,1000000003,PUNCHING OIL (RF-520),LITER,STAMPING
TA0157,Resin Tube  ( small ),RESIN TUBE  ( SMALL ),PC,GPS
TA0158,1201301008,RFE-300,KG,POLYMER
TA0159,1201301009,RFE-D,KG,POLYMER
TA0160,1401901012,RIBBON 76.2 X 210 M.,PC,PSLB
TA0161,1201500008,RUBCLEAN,KG,PSLA
TA0162,1201500008,RUBCLEAN,KG,PSLB
TA0163,1411990010,SCOTCH TAPE LOUIS 3/4 INCH*36YDS,PC,PSLB
TA0164,1201500040,SFCOAT MK-2,KG,PSLB
TA0165,1201400002,SILCOAT RN - 10AO,KG,PSLB
TA0166,1201400003,SILCOAT RN - 10BO,KG,PSLB
TA0167,1401904017,SILICA GEL ST10G (NB),PC,GPS
TA0168,1201201004,SILICONE COATING (R6102),G,ANODIZE
TA0169,1201301007,SILVER N-2061(SHOE),KG,POLYMER
TA0170,10000000005,SODIUM CHLORIDE,KG,PRESSING
TA0171,1201200001,SODIUM TETRABORATE,KG,ANODIZE
TA0172,1405100013,SOMIX AP7   (1405100013),G,FPSB
TA0173,Spay Daifee GA-7500 (Molding),SPAY DAIFEE GA-7500 (MOLDING),PC,FPSB
TA0174,1205101007,SPOOL TYPE (25UCN)  METEK,KG,STAMPING
TA0175,1205101006,SPOOL TYPE (25UCN)  NRK,KG,STAMPING
TA0176,1401901003,STICKER 7X5.3CM REMOVE,PC,PSLB
TA0177,1401400015,SYRING PS 5N,PC,PSLB
TA0178,1208101046,TA S-10 HV  (DG),G,PRESSING
TA0179,1208101047,TA S-10HV (RG),KG,PRESSING
TA0180,1208101044,TA S-15 HV  ( DH ),G,PRESSING
TA0181,1208101013,TA S-15MB  ( DK ),G,PRESSING
TA0182,1208101043,TA S-25MB  ( DR ),G,PRESSING
TA0183,1208101045,TA S-708  (DC),G,PRESSING
TA0184,1208101050,TA S-808,G,PRESSING
TA0185,1208101023,TA STA-150KA  ( GK ),G,PRESSING
TA0186,1208101040,TA STA-200KA  ( GP ),G,PRESSING
TA0187,1208101042,TA STA-255KA  ( GR )            ,G,PRESSING
TA0188,1208101036,TA TTS-100KM  ( TJ ),G,PRESSING
TA0189,1208101039,TA TTS-150KM  ( TK ),G,PRESSING
TA0190,1208101016,TA TTS-23KM  (TM ),G,PRESSING
TA0191,1208101035,TA TTS-40KMH  ( TT ),G,PRESSING
TA0192,1208101009,TA TTS-50KMD  ( TD ),G,PRESSING
TA0193,1208101018,TA TTS-80KM  (TZ ),G,PRESSING
TA0194,1208102003,TA-WIRE    0.19 ,G,PRESSING
TA0195,1208102015,TA-WIRE    0.22,G,PRESSING
TA0196,1208102020,TA-WIRE    0.22S,G,PRESSING
TA0197,1208102005,TA-WIRE    0.29,G,PRESSING
TA0198,1208102018,TA-WIRE    0.34D,G,PRESSING
TA0199,1208102017,TA-WIRE    0.40,G,PRESSING
TA0200,1208102016,TA-WIRE    0.47,G,PRESSING
TA0201,KDW0074D,TA-WIRE   0.19KD,LB,PRESSING
TA0202,YDW0074D,TA-WIRE   0.19YD,G,PRESSING
TA0203,YDW133DR,TA-WIRE   0.34(RECYCLE),G,PRESSING
TA0204,1401400027,TEFLON TAPE 0.085X13(1H),PC,PSLB
TA0205,1401400025,TEFLON TAPE 0.13X4(2H),PC,PSLB
TA0206,1401400026,TEFLON TAPE 0.23X4(2H)ANDAGING,PC,PSLB
TA0207,1000000004,THINNER AAA GRADE,LITER,STAMPING
TA0208,1000000001,TOLUENE,LITER,PRESSING
TA0209,1401621001,UV TAPE UHP-1525M3E-29C-03,PC,GPS
TA0210,1201521001,UV-MARKING INK-WHITE(FD MP HD WHITE M),G,FPSA
TA0211,1201521001,UV-MARKING INK-WHITE(FD MP HD WHITE M),G,PSLB
TA0212,1201201003,XYLENES,G,ANODIZE
TA0213,1201560005,ZN FILM 9Z-240(A&B2),KG,PSLB
TA0214,1201560003,ZN-FILM ( 9ZL67-225 ),KG,GPS
