OccurredOn,MaterialCode,MaterialName,Issue,Remain,Unit,Shift,Workshop,Usage
6/30/26 6:16 AM,1401400009,NEEDLE MN-25G-13 (I)????? (A type)+GPS,0,146,pc,A,PSLA,12
6/30/26 6:16 AM,1201500046,COMPOUND CV-4160TN(13X3.5G) PSLA,0,107,kg,A,PSLA,17.5
6/30/26 6:16 AM,1201500002,COMPOUND EMEC-6,0,1.33,kg,A,PSLA,0.41
6/30/26 6:16 AM,1201500008,RUBCLEAN,0,8.1,kg,A,PSLA,0.35
6/30/26 6:16 AM,1201520009,ABRASIVE MM-P220,0,20,kg,A,PSLA,20
6/30/26 6:16 AM,1401990011,COTTON  CLOTHES(13CM.X22CM.),0,90,pc,A,PSLA,20
6/30/26 6:16 AM,1201500036,COMPOUND CV9800,0,8.2,kg,A,PSLA,0.04
6/30/26 6:16 AM,1401560005,GLASS WOOL(KARAKURI),0,79,pc,A,PSLA,0
6/30/26 6:16 AM,1201701006,PLA-REEL EIAJRRM08B-I,0,1772,pc,A,PSLA,137
6/30/26 6:16 AM,1401902031,INNER BOX NAG 5/7,0,167,pc,A,PSLA,20
6/30/26 6:16 AM,1401902032,INNER BOX NAG 8/10,0,101,pc,A,PSLA,3
6/30/26 6:16 AM,1201703006,COVER TAPE  SPTA-55-480,0,20805,"meter
",A,PSLA,1280
6/30/26 6:16 AM,1201702001,C-TAPE TP-A-PS(H)  ,0,9048,"meter
",A,PSLA,1351
6/30/26 6:16 AM,1201500038,COMPOUND CV - 4160GC6 (13X4.1G),0,2.11,"kg
",A,PSLA,0.04
7/1/26 6:12 AM,1401400009,NEEDLE MN-25G-13 (I)????? (A type)+GPS,0,137,pc,C,PSLA,9
7/1/26 6:12 AM,1201500046,COMPOUND CV-4160TN(13X3.5G) PSLA,30,120,kg,C,PSLA,17
7/1/26 6:12 AM,1201500002,COMPOUND EMEC-6,15,16.2,kg,C,PSLA,0.13
7/1/26 6:12 AM,1201500008,RUBCLEAN,0,7.4,kg,C,PSLA,0.7
7/1/26 6:12 AM,1201520009,ABRASIVE MM-P220,20,40,kg,C,PSLA,0
7/1/26 6:12 AM,1401990011,COTTON  CLOTHES(13CM.X22CM.),0,70,pc,C,PSLA,20
7/1/26 6:12 AM,1201500036,COMPOUND CV9800,0,8.12,kg,C,PSLA,0.08
7/1/26 6:12 AM,1401560005,GLASS WOOL(KARAKURI),0,79,pc,C,PSLA,0
7/1/26 6:12 AM,1201701006,PLA-REEL EIAJRRM08B-I,600,2206,pc,C,PSLA,166
7/1/26 6:12 AM,1401902031,INNER BOX NAG 5/7,50,199,pc,C,PSLA,18
7/1/26 6:12 AM,1401902032,INNER BOX NAG 8/10,50,147,pc,C,PSLA,4
7/1/26 6:12 AM,1201703006,COVER TAPE  SPTA-55-480,0,19143,"meter
",C,PSLA,1662
7/1/26 6:12 AM,1201702001,C-TAPE TP-A-PS(H)  ,3936,11326,"meter
",C,PSLA,1658
7/1/26 6:12 AM,1201500038,COMPOUND CV - 4160GC6 (13X4.1G),0,1.88,"kg
",C,PSLA,0.23
7/2/26 6:33 AM,1401400009,NEEDLE MN-25G-13 (I)????? (A type)+GPS,0,127,pc,A,PSLA,10
7/2/26 6:33 AM,1201500046,COMPOUND CV-4160TN(13X3.5G) PSLA,0,113,kg,A,PSLA,7
7/2/26 6:33 AM,1201500002,COMPOUND EMEC-6,0,16.2,kg,A,PSLA,0
7/2/26 6:33 AM,1201500008,RUBCLEAN,0,7.4,kg,A,PSLA,0
7/2/26 6:33 AM,1201520009,ABRASIVE MM-P220,0,40,kg,A,PSLA,0
7/2/26 6:33 AM,1401990011,COTTON  CLOTHES(13CM.X22CM.),0,60,pc,A,PSLA,10
7/2/26 6:33 AM,1201500036,COMPOUND CV9800,0,8.12,kg,A,PSLA,0
7/2/26 6:33 AM,1401560005,GLASS WOOL(KARAKURI),0,72,pc,A,PSLA,7
7/2/26 6:33 AM,1201701006,PLA-REEL EIAJRRM08B-I,0,2037,pc,A,PSLA,169
7/2/26 6:33 AM,1401902031,INNER BOX NAG 5/7,0,178,pc,A,PSLA,21
7/2/26 6:33 AM,1401902032,INNER BOX NAG 8/10,0,145,pc,A,PSLA,2
7/2/26 6:33 AM,1201703006,COVER TAPE  SPTA-55-480,0,17423,"meter
",A,PSLA,1720
7/2/26 6:33 AM,1201702001,C-TAPE TP-A-PS(H)  ,0,9607,"meter
",A,PSLA,1719
7/2/26 6:33 AM,1201500038,COMPOUND CV - 4160GC6 (13X4.1G),0,1.88,"kg
",A,PSLA,0
7/3/26 6:12 AM,1401400009,NEEDLE MN-25G-13 (I)????? (A type)+GPS,0,120,pc,C,PSLA,7
7/3/26 6:12 AM,1201500046,COMPOUND CV-4160TN(13X3.5G) PSLA,30,126,kg,C,PSLA,17
7/3/26 6:12 AM,1201500002,COMPOUND EMEC-6,0,16.06,kg,C,PSLA,0.14
7/3/26 6:12 AM,1201500008,RUBCLEAN,0,7.03,kg,C,PSLA,0.37
7/3/26 6:12 AM,1201520009,ABRASIVE MM-P220,0,40,kg,C,PSLA,0
7/3/26 6:12 AM,1401990011,COTTON  CLOTHES(13CM.X22CM.),0,40,pc,C,PSLA,20
7/3/26 6:12 AM,1201500036,COMPOUND CV9800,0,8.09,kg,C,PSLA,0.03
7/3/26 6:12 AM,1401560005,GLASS WOOL(KARAKURI),0,72,pc,C,PSLA,0
7/3/26 6:12 AM,1201701006,PLA-REEL EIAJRRM08B-I,0,1900,pc,C,PSLA,137
7/3/26 6:12 AM,1401902031,INNER BOX NAG 5/7,0,163,pc,C,PSLA,15
7/3/26 6:12 AM,1401902032,INNER BOX NAG 8/10,0,142,pc,C,PSLA,3
7/3/26 6:12 AM,1201703006,COVER TAPE  SPTA-55-480,0,16320,"meter
",C,PSLA,1103
7/3/26 6:12 AM,1201702001,C-TAPE TP-A-PS(H)  ,0,8281,"meter
",C,PSLA,1326
7/3/26 6:12 AM,1201500038,COMPOUND CV - 4160GC6 (13X4.1G),0,1.6,"kg
",C,PSLA,0.28
7/4/26 5:51 AM,1401400009,NEEDLE MN-25G-13 (I)????? (A type)+GPS,0,109,pc,C,PSLA,11
7/4/26 5:51 AM,1201500046,COMPOUND CV-4160TN(13X3.5G) PSLA,0,109,kg,C,PSLA,17
7/4/26 5:51 AM,1201500002,COMPOUND EMEC-6,0,16.06,kg,C,PSLA,0
7/4/26 5:51 AM,1201500008,RUBCLEAN,0,7.03,kg,C,PSLA,0
7/4/26 5:51 AM,1201520009,ABRASIVE MM-P220,0,40,kg,C,PSLA,0
7/4/26 5:51 AM,1401990011,COTTON  CLOTHES(13CM.X22CM.),0,30,pc,C,PSLA,10
7/4/26 5:52 AM,1201500036,COMPOUND CV9800,0,8.09,kg,C,PSLA,0
7/4/26 5:52 AM,1401560005,GLASS WOOL(KARAKURI),0,72,pc,C,PSLA,0
7/4/26 5:52 AM,1201701006,PLA-REEL EIAJRRM08B-I,0,1800,pc,C,PSLA,100
7/4/26 5:52 AM,1401902031,INNER BOX NAG 5/7,0,148,pc,C,PSLA,15
7/4/26 5:52 AM,1401902032,INNER BOX NAG 8/10,0,134,pc,C,PSLA,8
7/4/26 5:52 AM,1201703006,COVER TAPE  SPTA-55-480,0,14400,"meter
",C,PSLA,1920
7/4/26 5:52 AM,1201702001,C-TAPE TP-A-PS(H)  ,0,6888,"meter
",C,PSLA,1393
7/4/26 5:52 AM,1201500038,COMPOUND CV - 4160GC6 (13X4.1G),0,1.57,"kg
",C,PSLA,0.03
7/5/26 9:47 PM,1401400009,NEEDLE MN-25G-13 (I)????? (A type)+GPS,0,100,pc,C,PSLA,9
7/5/26 9:47 PM,1201500046,COMPOUND CV-4160TN(13X3.5G) PSLA,0,94,kg,C,PSLA,15
7/5/26 9:47 PM,1201500002,COMPOUND EMEC-6,0,15.32,kg,C,PSLA,0.74
7/5/26 9:47 PM,1201500008,RUBCLEAN,0,6.02,kg,C,PSLA,1.01
7/5/26 9:47 PM,1201520009,ABRASIVE MM-P220,0,40,kg,C,PSLA,0
7/5/26 9:47 PM,1401990011,COTTON  CLOTHES(13CM.X22CM.),0,10,pc,C,PSLA,20
7/5/26 9:47 PM,1201500036,COMPOUND CV9800,0,7.89,kg,C,PSLA,0.2
7/5/26 9:47 PM,1401560005,GLASS WOOL(KARAKURI),0,72,pc,C,PSLA,0
7/5/26 9:47 PM,1201701006,PLA-REEL EIAJRRM08B-I,0,1600,pc,C,PSLA,200
7/5/26 9:47 PM,1401902031,INNER BOX NAG 5/7,0,130,pc,C,PSLA,18
7/5/26 9:47 PM,1401902032,INNER BOX NAG 8/10,0,126,pc,C,PSLA,8
7/5/26 9:47 PM,1201703006,COVER TAPE  SPTA-55-480,0,12960,"meter
",C,PSLA,1440
7/5/26 9:47 PM,1201702001,C-TAPE TP-A-PS(H)  ,0,5412,"meter
",C,PSLA,1476
7/5/26 9:47 PM,1201500038,COMPOUND CV - 4160GC6 (13X4.1G),0,1.41,"kg
",C,PSLA,0.16
7/6/26 6:10 AM,1401400009,NEEDLE MN-25G-13 (I)????? (A type)+GPS,0,87,pc,C,PSLA,13
7/6/26 6:10 AM,1201500046,COMPOUND CV-4160TN(13X3.5G) PSLA,30,107,kg,C,PSLA,17
7/6/26 6:10 AM,1201500002,COMPOUND EMEC-6,0,15.32,kg,C,PSLA,0
7/6/26 6:10 AM,1201500008,RUBCLEAN,0,6.02,kg,C,PSLA,0
7/6/26 6:10 AM,1201520009,ABRASIVE MM-P220,0,0,kg,C,PSLA,40
7/6/26 6:10 AM,1401990011,COTTON  CLOTHES(13CM.X22CM.),500,500,pc,C,PSLA,10
7/6/26 6:10 AM,1201500036,COMPOUND CV9800,0,7.89,kg,C,PSLA,0
7/6/26 6:10 AM,1401560005,GLASS WOOL(KARAKURI),0,72,pc,C,PSLA,0
7/6/26 6:10 AM,1201701006,PLA-REEL EIAJRRM08B-I,0,1450,pc,C,PSLA,150
7/6/26 6:10 AM,1401902031,INNER BOX NAG 5/7,50,170,pc,C,PSLA,10
7/6/26 6:10 AM,1401902032,INNER BOX NAG 8/10,0,117,pc,C,PSLA,9
7/6/26 6:10 AM,1201703006,COVER TAPE  SPTA-55-480,0,11520,"meter
",C,PSLA,1440
7/6/26 6:10 AM,1201702001,C-TAPE TP-A-PS(H)  ,3936,7872,"meter
",C,PSLA,1476
7/6/26 6:10 AM,1201500038,COMPOUND CV - 4160GC6 (13X4.1G),0,1.39,"kg
",C,PSLA,0.02
7/7/26 6:29 AM,1401400009,NEEDLE MN-25G-13 (I)????? (A type)+GPS,0,78,pc,B,PSLA,9
7/7/26 6:29 AM,1201500046,COMPOUND CV-4160TN(13X3.5G) PSLA,0,95,kg,B,PSLA,12
7/7/26 6:29 AM,1201500002,COMPOUND EMEC-6,0,15.27,kg,B,PSLA,0.05
7/7/26 6:29 AM,1201500008,RUBCLEAN,0,5.32,kg,B,PSLA,0.7
7/7/26 6:29 AM,1201520009,ABRASIVE MM-P220,0,0,kg,B,PSLA,0
7/7/26 6:29 AM,1401990011,COTTON  CLOTHES(13CM.X22CM.),0,490,pc,B,PSLA,10
7/7/26 6:29 AM,1201500036,COMPOUND CV9800,0,7.89,kg,B,PSLA,0
7/7/26 6:29 AM,1401560005,GLASS WOOL(KARAKURI),0,72,pc,B,PSLA,0
7/7/26 6:29 AM,1201701006,PLA-REEL EIAJRRM08B-I,0,1286,pc,B,PSLA,164
7/7/26 6:29 AM,1401902031,INNER BOX NAG 5/7,0,156,pc,B,PSLA,14
7/7/26 6:29 AM,1401902032,INNER BOX NAG 8/10,0,110,pc,B,PSLA,7
7/7/26 6:29 AM,1201703006,COVER TAPE  SPTA-55-480,0,9878,"meter
",B,PSLA,1642
7/7/26 6:29 AM,1201702001,C-TAPE TP-A-PS(H)  ,0,6232,"meter
",B,PSLA,1640
7/7/26 6:29 AM,1201500038,COMPOUND CV - 4160GC6 (13X4.1G),0,1.27,"kg
",B,PSLA,0.12
7/8/26 6:24 AM,1401400009,NEEDLE MN-25G-13 (I)????? (A type)+GPS,120,190,pc,B,PSLA,8
7/8/26 6:24 AM,1201500046,COMPOUND CV-4160TN(13X3.5G) PSLA,30,109,kg,B,PSLA,16
7/8/26 6:24 AM,1201500002,COMPOUND EMEC-6,0,14.97,kg,B,PSLA,0.3
7/8/26 6:24 AM,1201500008,RUBCLEAN,0,4.97,kg,B,PSLA,0.35
7/8/26 6:24 AM,1201520009,ABRASIVE MM-P220,20,20,kg,B,PSLA,0
7/8/26 6:24 AM,1401990011,COTTON  CLOTHES(13CM.X22CM.),0,480,pc,B,PSLA,10
7/8/26 6:24 AM,1201500036,COMPOUND CV9800,0,7.85,kg,B,PSLA,0.04
7/8/26 6:24 AM,1401560005,GLASS WOOL(KARAKURI),0,72,pc,B,PSLA,0
7/8/26 6:24 AM,1201701006,PLA-REEL EIAJRRM08B-I,200,1340,pc,B,PSLA,146
7/8/26 6:24 AM,1401902031,INNER BOX NAG 5/7,0,139,pc,B,PSLA,17
7/8/26 6:24 AM,1401902032,INNER BOX NAG 8/10,0,107,pc,B,PSLA,3
7/8/26 6:24 AM,1201703006,COVER TAPE  SPTA-55-480,0,8414,"meter
",B,PSLA,1464
7/8/26 6:24 AM,1201702001,C-TAPE TP-A-PS(H)  ,3936,8706,"meter
",B,PSLA,1462
7/8/26 6:24 AM,1201500038,COMPOUND CV - 4160GC6 (13X4.1G),0,1.17,"kg
",B,PSLA,0.1
7/9/26 4:59 AM,1401400009,NEEDLE MN-25G-13 (I)????? (A type)+GPS,0,181,pc,B,PSLA,9
7/9/26 4:59 AM,1201500046,COMPOUND CV-4160TN(13X3.5G) PSLA,0,95,kg,B,PSLA,14
7/9/26 4:59 AM,1201500002,COMPOUND EMEC-6,0,14.73,kg,B,PSLA,0.24
7/9/26 4:59 AM,1201500008,RUBCLEAN,0,4.61,kg,B,PSLA,0.36
7/9/26 4:59 AM,1201520009,ABRASIVE MM-P220,0,20,kg,B,PSLA,0
7/9/26 4:59 AM,1401990011,COTTON  CLOTHES(13CM.X22CM.),0,460,pc,B,PSLA,20
7/9/26 4:59 AM,1201500036,COMPOUND CV9800,0,7.8,kg,B,PSLA,0.05
7/9/26 4:59 AM,1401560005,GLASS WOOL(KARAKURI),0,70,pc,B,PSLA,2
7/9/26 4:59 AM,1201701006,PLA-REEL EIAJRRM08B-I,0,1210,pc,B,PSLA,130
7/9/26 4:59 AM,1401902031,INNER BOX NAG 5/7,0,122,pc,B,PSLA,17
7/9/26 4:59 AM,1401902032,INNER BOX NAG 8/10,0,103,pc,B,PSLA,4
7/9/26 4:59 AM,1201703006,COVER TAPE  SPTA-55-480,0,6750,"meter
",B,PSLA,1664
7/9/26 4:59 AM,1201702001,C-TAPE TP-A-PS(H)  ,0,7332,"meter
",B,PSLA,1374
7/9/26 4:59 AM,1201500038,COMPOUND CV - 4160GC6 (13X4.1G),0,1.1,"kg
",B,PSLA,0.07
7/10/26 4:15 AM,1401400009,NEEDLE MN-25G-13 (I)????? (A type)+GPS,0,173,pc,B,PSLA,8
7/10/26 4:15 AM,1201500046,COMPOUND CV-4160TN(13X3.5G) PSLA,45,130,kg,B,PSLA,10
7/10/26 4:15 AM,1201500002,COMPOUND EMEC-6,0,14.73,kg,B,PSLA,0
7/10/26 4:15 AM,1201500008,RUBCLEAN,0,4.61,kg,B,PSLA,0
7/10/26 4:15 AM,1201520009,ABRASIVE MM-P220,0,20,kg,B,PSLA,0
7/10/26 4:15 AM,1401990011,COTTON  CLOTHES(13CM.X22CM.),0,450,pc,B,PSLA,10
7/10/26 4:15 AM,1201500036,COMPOUND CV9800,0,7.8,kg,B,PSLA,0
7/10/26 4:15 AM,1401560005,GLASS WOOL(KARAKURI),0,70,pc,B,PSLA,0
7/10/26 4:15 AM,1201701006,PLA-REEL EIAJRRM08B-I,600,1641,pc,B,PSLA,169
7/10/26 4:16 AM,1401902031,INNER BOX NAG 5/7,50,153,pc,B,PSLA,19
7/10/26 4:16 AM,1401902032,INNER BOX NAG 8/10,0,98,pc,B,PSLA,5
7/10/26 4:16 AM,1201703006,COVER TAPE  SPTA-55-480,9600,14820,"meter
",B,PSLA,1530
7/10/26 4:16 AM,1201702001,C-TAPE TP-A-PS(H)  ,3936,9488,"meter
",B,PSLA,1780
7/10/26 4:16 AM,1201500038,COMPOUND CV - 4160GC6 (13X4.1G),0,1,"kg
",B,PSLA,0.1
7/11/26 6:16 AM,1401400009,NEEDLE MN-25G-13 (I)????? (A type)+GPS,0,161,pc,A,PSLA,12
7/11/26 6:16 AM,1201500046,COMPOUND CV-4160TN(13X3.5G) PSLA,0,115,kg,A,PSLA,15
7/11/26 6:16 AM,1201500002,COMPOUND EMEC-6,0,14.59,kg,A,PSLA,0.14
7/11/26 6:16 AM,1201500008,RUBCLEAN,0,4.28,kg,A,PSLA,0.33
7/11/26 6:16 AM,1201520009,ABRASIVE MM-P220,0,20,kg,A,PSLA,0
7/11/26 6:16 AM,1401990011,COTTON  CLOTHES(13CM.X22CM.),0,430,pc,A,PSLA,20
7/11/26 6:16 AM,1201500036,COMPOUND CV9800,0,7.77,kg,A,PSLA,0.03
7/11/26 6:16 AM,1401560005,GLASS WOOL(KARAKURI),0,70,pc,A,PSLA,0
7/11/26 6:16 AM,1201701006,PLA-REEL EIAJRRM08B-I,0,1536,pc,A,PSLA,105
7/11/26 6:16 AM,1401902031,INNER BOX NAG 5/7,0,135,pc,A,PSLA,18
7/11/26 6:16 AM,1401902032,INNER BOX NAG 8/10,0,95,pc,A,PSLA,3
7/11/26 6:16 AM,1201703006,COVER TAPE  SPTA-55-480,0,13716,"meter
",A,PSLA,1104
7/11/26 6:16 AM,1201702001,C-TAPE TP-A-PS(H)  ,0,8216,"meter
",A,PSLA,1272
7/11/26 6:16 AM,1201500038,COMPOUND CV - 4160GC6 (13X4.1G),0,0.94,"kg
",A,PSLA,0.06
7/12/26 6:15 AM,1401400009,NEEDLE MN-25G-13 (I)????? (A type)+GPS,0,152,pc,A,PSLA,9
7/12/26 6:15 AM,1201500046,COMPOUND CV-4160TN(13X3.5G) PSLA,0,100,kg,A,PSLA,15
7/12/26 6:15 AM,1201500002,COMPOUND EMEC-6,0,14.52,kg,A,PSLA,0.07
7/12/26 6:15 AM,1201500008,RUBCLEAN,0,3.57,kg,A,PSLA,0.71
7/12/26 6:15 AM,1201520009,ABRASIVE MM-P220,0,20,kg,A,PSLA,0
7/12/26 6:15 AM,1401990011,COTTON  CLOTHES(13CM.X22CM.),0,410,pc,A,PSLA,20
7/12/26 6:15 AM,1201500036,COMPOUND CV9800,0,7.73,kg,A,PSLA,0.04
7/12/26 6:15 AM,1401560005,GLASS WOOL(KARAKURI),0,70,pc,A,PSLA,0
7/12/26 6:15 AM,1201701006,PLA-REEL EIAJRRM08B-I,0,1386,pc,A,PSLA,150
7/12/26 6:15 AM,1401902031,INNER BOX NAG 5/7,0,114,pc,A,PSLA,21
7/12/26 6:15 AM,1401902032,INNER BOX NAG 8/10,0,91,pc,A,PSLA,4
7/12/26 6:15 AM,1201703006,COVER TAPE  SPTA-55-480,0,12196,"meter
",A,PSLA,1520
7/12/26 6:15 AM,1201702001,C-TAPE TP-A-PS(H)  ,0,6994,"meter
",A,PSLA,1222
7/12/26 6:15 AM,1201500038,COMPOUND CV - 4160GC6 (13X4.1G),0,0.88,"kg
",A,PSLA,0.06
7/13/26 6:25 AM,1401400009,NEEDLE MN-25G-13 (I)????? (A type)+GPS,0,144,pc,A,PSLA,8
7/13/26 6:25 AM,1201500046,COMPOUND CV-4160TN(13X3.5G) PSLA,30,115,kg,A,PSLA,15
7/13/26 6:25 AM,1201500002,COMPOUND EMEC-6,0,14.25,kg,A,PSLA,0.27
7/13/26 6:25 AM,1201500008,RUBCLEAN,10,12.85,kg,A,PSLA,0.72
7/13/26 6:25 AM,1201520009,ABRASIVE MM-P220,0,20,kg,A,PSLA,0
7/13/26 6:25 AM,1401990011,COTTON  CLOTHES(13CM.X22CM.),0,400,pc,A,PSLA,10
7/13/26 6:25 AM,1201500036,COMPOUND CV9800,0,7.65,kg,A,PSLA,0.08
7/13/26 6:25 AM,1401560005,GLASS WOOL(KARAKURI),0,70,pc,A,PSLA,0
7/13/26 6:25 AM,1201701006,PLA-REEL EIAJRRM08B-I,0,1207,pc,A,PSLA,179
7/13/26 6:25 AM,1401902031,INNER BOX NAG 5/7,0,90,pc,A,PSLA,24
7/13/26 6:25 AM,1401902032,INNER BOX NAG 8/10,0,90,pc,A,PSLA,1
7/13/26 6:25 AM,1201703006,COVER TAPE  SPTA-55-480,0,10420,"meter
",A,PSLA,1776
7/13/26 6:25 AM,1201702001,C-TAPE TP-A-PS(H)  ,3936,9158,"meter
",A,PSLA,1772
7/13/26 6:25 AM,1201500038,COMPOUND CV - 4160GC6 (13X4.1G),0,0.72,"kg
",A,PSLA,0.16
7/14/26 5:51 AM,1401400009,NEEDLE MN-25G-13 (I)????? (A type)+GPS,0,135,pc,A,PSLA,9
7/14/26 5:51 AM,1201500046,COMPOUND CV-4160TN(13X3.5G) PSLA,0,102,kg,A,PSLA,13
7/14/26 5:51 AM,1201500002,COMPOUND EMEC-6,0,14.12,kg,A,PSLA,0.13
7/14/26 5:52 AM,1201500008,RUBCLEAN,0,12.52,kg,A,PSLA,0.33
7/14/26 5:52 AM,1201520009,ABRASIVE MM-P220,0,20,kg,A,PSLA,0
7/14/26 5:52 AM,1401990011,COTTON  CLOTHES(13CM.X22CM.),0,390,pc,A,PSLA,10
7/14/26 5:52 AM,1201500036,COMPOUND CV9800,0,7.61,kg,A,PSLA,0.04
7/14/26 5:53 AM,1401560005,GLASS WOOL(KARAKURI),0,70,pc,A,PSLA,0
7/14/26 5:53 AM,1201701006,PLA-REEL EIAJRRM08B-I,0,1077,pc,A,PSLA,130
7/14/26 5:53 AM,1401902031,INNER BOX NAG 5/7,0,72,pc,A,PSLA,18
7/14/26 5:54 AM,1401902032,INNER BOX NAG 8/10,0,85,pc,A,PSLA,5
7/14/26 5:54 AM,1201703006,COVER TAPE  SPTA-55-480,0,9148,"meter
",A,PSLA,1272
7/14/26 5:54 AM,1201702001,C-TAPE TP-A-PS(H)  ,0,7870,"meter
",A,PSLA,1288
7/14/26 5:55 AM,1201500038,COMPOUND CV - 4160GC6 (13X4.1G),0,0.69,"kg
",A,PSLA,0.03
7/15/26 5:51 AM,1401400009,NEEDLE MN-25G-13 (I)????? (A type)+GPS,120,248,pc,C,PSLA,7
7/15/26 5:51 AM,1201500046,COMPOUND CV-4160TN(13X3.5G) PSLA,30,119,kg,C,PSLA,13
7/15/26 5:51 AM,1201500002,COMPOUND EMEC-6,0,13.67,kg,C,PSLA,0.45
7/15/26 5:51 AM,1201500008,RUBCLEAN,0,12.14,kg,C,PSLA,0.38
7/15/26 5:51 AM,1201520009,ABRASIVE MM-P220,40,60,kg,C,PSLA,0
7/15/26 5:51 AM,1401990011,COTTON  CLOTHES(13CM.X22CM.),0,370,pc,C,PSLA,20
7/15/26 5:51 AM,1201500036,COMPOUND CV9800,0,7.58,kg,C,PSLA,0.03
7/15/26 5:51 AM,1401560005,GLASS WOOL(KARAKURI),0,70,pc,C,PSLA,0
7/15/26 5:51 AM,1201701006,PLA-REEL EIAJRRM08B-I,600,1570,pc,C,PSLA,107
7/15/26 5:51 AM,1401902031,INNER BOX NAG 5/7,50,102,pc,C,PSLA,20
7/15/26 5:51 AM,1401902032,INNER BOX NAG 8/10,0,85,pc,C,PSLA,0
7/15/26 5:51 AM,1201703006,COVER TAPE  SPTA-55-480,9600,17760,"meter
",C,PSLA,988
7/15/26 5:51 AM,1201702001,C-TAPE TP-A-PS(H)  ,3936,10824,"meter
",C,PSLA,982
7/15/26 5:51 AM,1201500038,COMPOUND CV - 4160GC6 (13X4.1G),0,0.61,"kg
",C,PSLA,0.08
7/16/26 5:53 AM,1401400009,NEEDLE MN-25G-13 (I)????? (A type)+GPS,0,237,pc,C,PSLA,11
7/16/26 5:53 AM,1201500046,COMPOUND CV-4160TN(13X3.5G) PSLA,0,102,kg,C,PSLA,17
7/16/26 5:53 AM,1201500002,COMPOUND EMEC-6,0,13.57,kg,C,PSLA,0.1
7/16/26 5:53 AM,1201500008,RUBCLEAN,0,12.14,kg,C,PSLA,0
7/16/26 5:53 AM,1201520009,ABRASIVE MM-P220,0,60,kg,C,PSLA,0
7/16/26 5:53 AM,1401990011,COTTON  CLOTHES(13CM.X22CM.),0,350,pc,C,PSLA,20
7/16/26 5:53 AM,1201500036,COMPOUND CV9800,0,7.54,kg,C,PSLA,0.04
7/16/26 5:53 AM,1401560005,GLASS WOOL(KARAKURI),0,70,pc,C,PSLA,0
7/16/26 5:53 AM,1201701006,PLA-REEL EIAJRRM08B-I,0,1460,pc,C,PSLA,110
7/16/26 5:53 AM,1401902031,INNER BOX NAG 5/7,0,90,pc,C,PSLA,12
7/16/26 5:53 AM,1401902032,INNER BOX NAG 8/10,0,83,pc,C,PSLA,2
7/16/26 5:53 AM,1201703006,COVER TAPE  SPTA-55-480,0,16320,"meter
",C,PSLA,1440
7/16/26 5:53 AM,1201702001,C-TAPE TP-A-PS(H)  ,0,9840,"meter
",C,PSLA,984
7/16/26 5:53 AM,1201500038,COMPOUND CV - 4160GC6 (13X4.1G),0,0.41,"kg
",C,PSLA,0.2
7/17/26 9:09 PM,1401400009,NEEDLE MN-25G-13 (I)????? (A type)+GPS,0,225,pc,C,PSLA,12
7/17/26 9:09 PM,1201500046,COMPOUND CV-4160TN(13X3.5G) PSLA,45,131,kg,C,PSLA,16
7/17/26 9:09 PM,1201500002,COMPOUND EMEC-6,0,13.57,kg,C,PSLA,0
7/17/26 9:09 PM,1201500008,RUBCLEAN,0,12.14,kg,C,PSLA,0
7/17/26 9:09 PM,1201520009,ABRASIVE MM-P220,0,60,kg,C,PSLA,0
7/17/26 9:09 PM,1401990011,COTTON  CLOTHES(13CM.X22CM.),0,340,pc,C,PSLA,10
7/17/26 9:09 PM,1201500036,COMPOUND CV9800,0,7.54,kg,C,PSLA,0
7/17/26 9:09 PM,1401560005,GLASS WOOL(KARAKURI),0,67,pc,C,PSLA,3
7/17/26 9:09 PM,1201701006,PLA-REEL EIAJRRM08B-I,400,1710,pc,C,PSLA,150
7/17/26 9:09 PM,1401902031,INNER BOX NAG 5/7,50,127,pc,C,PSLA,13
7/17/26 9:09 PM,1401902032,INNER BOX NAG 8/10,50,128,pc,C,PSLA,5
7/17/26 9:09 PM,1201703006,COVER TAPE  SPTA-55-480,0,14880,"meter
",C,PSLA,1440
7/17/26 9:09 PM,1201702001,C-TAPE TP-A-PS(H)  ,3936,12066,"meter
",C,PSLA,1710
7/17/26 9:09 PM,1201500038,COMPOUND CV - 4160GC6 (13X4.1G),0,0.41,"kg
",C,PSLA,0
7/18/26 6:03 AM,1401400009,NEEDLE MN-25G-13 (I)????? (A type)+GPS,0,214,pc,C,PSLA,11
7/18/26 6:03 AM,1201500046,COMPOUND CV-4160TN(13X3.5G) PSLA,0,117,kg,C,PSLA,14
7/18/26 6:03 AM,1201500002,COMPOUND EMEC-6,0,13.18,kg,C,PSLA,0.39
7/18/26 6:03 AM,1201500008,RUBCLEAN,0,11.14,kg,C,PSLA,1
7/18/26 6:03 AM,1201520009,ABRASIVE MM-P220,0,60,kg,C,PSLA,0
7/18/26 6:03 AM,1401990011,COTTON  CLOTHES(13CM.X22CM.),0,320,pc,C,PSLA,20
7/18/26 6:03 AM,1201500036,COMPOUND CV9800,0,7.46,kg,C,PSLA,0.08
7/18/26 6:03 AM,1401560005,GLASS WOOL(KARAKURI),0,67,pc,C,PSLA,0
7/18/26 6:03 AM,1201701006,PLA-REEL EIAJRRM08B-I,0,1560,pc,C,PSLA,150
7/18/26 6:03 AM,1401902031,INNER BOX NAG 5/7,0,110,pc,C,PSLA,17
7/18/26 6:03 AM,1401902032,INNER BOX NAG 8/10,0,123,pc,C,PSLA,5
7/18/26 6:03 AM,1201703006,COVER TAPE  SPTA-55-480,0,13440,"meter
",C,PSLA,1440
7/18/26 6:03 AM,1201702001,C-TAPE TP-A-PS(H)  ,0,10824,"meter
",C,PSLA,1242
7/18/26 6:03 AM,1201500038,COMPOUND CV - 4160GC6 (13X4.1G),0,0.3,"kg
",C,PSLA,0.11
7/19/26 6:06 AM,1401400009,NEEDLE MN-25G-13 (I)????? (A type)+GPS,0,206,pc,B,PSLA,8
7/19/26 6:06 AM,1201500046,COMPOUND CV-4160TN(13X3.5G) PSLA,0,105,kg,B,PSLA,12
7/19/26 6:06 AM,1201500002,COMPOUND EMEC-6,0,13.07,kg,B,PSLA,0.11
7/19/26 6:06 AM,1201500008,RUBCLEAN,0,10.69,kg,B,PSLA,0.45
7/19/26 6:06 AM,1201520009,ABRASIVE MM-P220,0,60,kg,B,PSLA,0
7/19/26 6:06 AM,1401990011,COTTON  CLOTHES(13CM.X22CM.),0,310,pc,B,PSLA,10
7/19/26 6:06 AM,1201500036,COMPOUND CV9800,0,7.43,kg,B,PSLA,0.03
7/19/26 6:06 AM,1401560005,GLASS WOOL(KARAKURI),0,67,pc,B,PSLA,0
7/19/26 6:06 AM,1201701006,PLA-REEL EIAJRRM08B-I,0,1404,pc,B,PSLA,156
7/19/26 6:06 AM,1401902031,INNER BOX NAG 5/7,0,94,pc,B,PSLA,16
7/19/26 6:06 AM,1401902032,INNER BOX NAG 8/10,0,117,pc,B,PSLA,6
7/19/26 6:06 AM,1201703006,COVER TAPE  SPTA-55-480,0,11886,"meter
",B,PSLA,1554
7/19/26 6:06 AM,1201702001,C-TAPE TP-A-PS(H)  ,0,9274,"meter
",B,PSLA,1550
7/19/26 6:06 AM,1201500038,COMPOUND CV - 4160GC6 (13X4.1G),0,0.19,"kg
",B,PSLA,0.11
7/20/26 6:32 AM,1401400009,NEEDLE MN-25G-13 (I)????? (A type)+GPS,0,199,pc,B,PSLA,7
7/20/26 6:32 AM,1201500046,COMPOUND CV-4160TN(13X3.5G) PSLA,30,120,kg,B,PSLA,15
7/20/26 6:32 AM,1201500002,COMPOUND EMEC-6,0,13.07,kg,B,PSLA,0
7/20/26 6:32 AM,1201500008,RUBCLEAN,0,10.69,kg,B,PSLA,0
7/20/26 6:32 AM,1201520009,ABRASIVE MM-P220,0,60,kg,B,PSLA,0
7/20/26 6:32 AM,1401990011,COTTON  CLOTHES(13CM.X22CM.),0,290,pc,B,PSLA,20
7/20/26 6:32 AM,1201500036,COMPOUND CV9800,0,7.43,kg,B,PSLA,0
7/20/26 6:32 AM,1401560005,GLASS WOOL(KARAKURI),0,67,pc,B,PSLA,0
7/20/26 6:32 AM,1201701006,PLA-REEL EIAJRRM08B-I,400,1693,pc,B,PSLA,111
7/20/26 6:32 AM,1401902031,INNER BOX NAG 5/7,100,178,pc,B,PSLA,16
7/20/26 6:32 AM,1401902032,INNER BOX NAG 8/10,0,117,pc,B,PSLA,0
7/20/26 6:32 AM,1201703006,COVER TAPE  SPTA-55-480,9600,20368,"meter
",B,PSLA,1118
7/20/26 6:32 AM,1201702001,C-TAPE TP-A-PS(H)  ,3936,12094,"meter
",B,PSLA,1116
7/20/26 6:32 AM,1201500038,COMPOUND CV - 4160GC6 (13X4.1G),15,15.19,"kg
",B,PSLA,0
7/21/26 6:19 AM,1401400009,NEEDLE MN-25G-13 (I)????? (A type)+GPS,0,188,pc,B,PSLA,11
7/21/26 6:19 AM,1201500046,COMPOUND CV-4160TN(13X3.5G) PSLA,0,106,kg,B,PSLA,14
7/21/26 6:19 AM,1201500002,COMPOUND EMEC-6,0,12.7,kg,B,PSLA,0.37
7/21/26 6:19 AM,1201500008,RUBCLEAN,0,10.02,kg,B,PSLA,0.67
7/21/26 6:19 AM,1201520009,ABRASIVE MM-P220,0,60,kg,B,PSLA,0
7/21/26 6:19 AM,1401990011,COTTON  CLOTHES(13CM.X22CM.),0,270,pc,B,PSLA,20
7/21/26 6:19 AM,1201500036,COMPOUND CV9800,0,7.34,kg,B,PSLA,0.09
7/21/26 6:19 AM,1401560005,GLASS WOOL(KARAKURI),0,60,pc,B,PSLA,7
7/21/26 6:19 AM,1201701006,PLA-REEL EIAJRRM08B-I,0,1554,pc,B,PSLA,139
7/21/26 6:19 AM,1401902031,INNER BOX NAG 5/7,0,163,pc,B,PSLA,15
7/21/26 6:19 AM,1401902032,INNER BOX NAG 8/10,0,112,pc,B,PSLA,5
7/21/26 6:19 AM,1201703006,COVER TAPE  SPTA-55-480,0,18846,"meter
",B,PSLA,1522
7/21/26 6:19 AM,1201702001,C-TAPE TP-A-PS(H)  ,0,10573,"meter
",B,PSLA,1521
7/21/26 6:19 AM,1201500038,COMPOUND CV - 4160GC6 (13X4.1G),0,15.15,"kg
",B,PSLA,0.04
